model,test_auc,test_ks,test_gini,test_pr_auc,fit_time_sec
Blending (XGB+LGB+CB),0.7203505826832254,0.3195234864390446,0.44070116536645076,0.4308528485488668,0.1
Stacking (XGB+LGB+CB),0.7202101257353954,0.31914976874409207,0.4404202514707909,0.4307864473201842,10.3
XGBoost (Optuna),0.7202,0.3178,0.4403,0.4306,0.0
CatBoost,0.7194,0.3189,0.4387,0.4292,258.6
XGBoost,0.7191,0.3163,0.4382,0.4294,110.9
LightGBM,0.7188,0.318,0.4375,0.4281,26.2
LightGBM (Optuna),0.7184,0.3176,0.4369,0.4276,0.0
Random Forest,0.7134,0.3111,0.4269,0.4212,57.8
Stage 2 — WOE Scorecard,0.704,0.2946,0.4079,0.411,5.0
