number,value,datetime_start,datetime_complete,duration,params_colsample_bytree,params_learning_rate,params_min_child_samples,params_num_leaves,params_reg_alpha,params_reg_lambda,params_subsample,state
32,0.7417111713452775,2026-05-25 12:04:29.208052,2026-05-25 12:05:54.847852,0 days 00:01:25.639800,0.6596423190937372,0.013558245467009835,29,34,0.1480235873744059,0.024789447208908827,0.8703822288445172,COMPLETE
27,0.741678571017296,2026-05-25 11:59:51.806935,2026-05-25 12:01:21.595876,0 days 00:01:29.788941,0.6468479428655778,0.013935727850636724,32,37,0.07711550285957436,0.24351001160119412,0.8356259458473712,COMPLETE
31,0.7416417831839559,2026-05-25 12:03:13.970947,2026-05-25 12:04:29.207306,0 days 00:01:15.236359,0.6438265739576675,0.014758393127325664,29,36,0.13043880362632276,0.5714014390243727,0.8122622733458628,COMPLETE
22,0.741641631214309,2026-05-25 11:53:29.533308,2026-05-25 11:54:55.518968,0 days 00:01:25.985660,0.6357666213056368,0.015018333822496534,22,37,0.032030573864621395,0.6003374443754198,0.8106047383088213,COMPLETE
26,0.7416343515469388,2026-05-25 11:58:08.389904,2026-05-25 11:59:51.804269,0 days 00:01:43.414365,0.6528673108628101,0.013750833917881133,32,37,0.11196127773788578,0.5948611326150292,0.8322340026026905,COMPLETE
23,0.7416291906084349,2026-05-25 11:54:55.521782,2026-05-25 11:56:19.202402,0 days 00:01:23.680620,0.6511864963997482,0.014110817358433385,17,37,0.3372320798795155,0.6049989608715187,0.8069410260856268,COMPLETE
11,0.741596971634925,2026-05-25 11:41:07.199747,2026-05-25 11:43:33.588527,0 days 00:02:26.388780,0.7834697240695935,0.01041796710263191,5,23,0.32031819974297077,0.7446458384668034,0.7347390152853027,COMPLETE
41,0.7415896107234284,2026-05-25 12:14:38.256928,2026-05-25 12:16:14.085313,0 days 00:01:35.828385,0.6525623091844044,0.013214814448416278,30,34,0.1150200057866626,0.6398482131105747,0.8215857749201694,COMPLETE
42,0.7415867317502289,2026-05-25 12:16:14.086457,2026-05-25 12:17:29.983860,0 days 00:01:15.897403,0.646708229591254,0.014457987789270989,33,38,0.056757473594057445,0.5608175374103486,0.8007452748391578,COMPLETE
46,0.741585085522414,2026-05-25 12:20:30.824259,2026-05-25 12:21:22.802720,0 days 00:00:51.978461,0.6852664249005027,0.025635001089070377,29,25,0.11501440524507463,0.21833298590933145,0.74734301979271,COMPLETE
33,0.7415766788238477,2026-05-25 12:05:54.848787,2026-05-25 12:07:00.589379,0 days 00:01:05.740592,0.6940655036019061,0.01695152819294668,39,33,0.1589329666382964,0.080837294703374,0.8796369811324729,COMPLETE
13,0.7415111966301398,2026-05-25 11:45:46.381889,2026-05-25 11:47:55.047021,0 days 00:02:08.665132,0.6962642580113091,0.010441485920242665,7,19,0.41957977804124236,0.7119778022134116,0.7100949559667326,COMPLETE
45,0.7415043796493894,2026-05-25 12:19:31.032979,2026-05-25 12:20:30.823342,0 days 00:00:59.790363,0.618301175306486,0.016081802249174597,20,54,0.20098328158789108,0.5599238403124819,0.8647068022123405,COMPLETE
35,0.7414917138837372,2026-05-25 12:08:27.644400,2026-05-25 12:09:37.374377,0 days 00:01:09.729977,0.6658844449726986,0.018354591315162348,43,50,0.2181648755990654,0.1555999121405145,0.7886046685746111,COMPLETE
40,0.7414879939502093,2026-05-25 12:13:33.837085,2026-05-25 12:14:38.256212,0 days 00:01:04.419127,0.7238721144439884,0.016918465627220897,11,59,0.1311556625320808,0.29573973676694343,0.9503457144853565,COMPLETE
16,0.7414851310409892,2026-05-25 11:48:45.003009,2026-05-25 11:49:36.268778,0 days 00:00:51.265769,0.6772876502180768,0.026857991104963008,24,44,0.006907372279662205,0.37397770574158457,0.7702357857455316,COMPLETE
30,0.74146567624151,2026-05-25 12:02:27.536363,2026-05-25 12:03:13.970276,0 days 00:00:46.433913,0.6194551021963542,0.02281349906332438,57,54,0.080070400405249,0.2932668070222014,0.9376182019345312,COMPLETE
34,0.741457075894972,2026-05-25 12:07:00.590406,2026-05-25 12:08:27.641957,0 days 00:01:27.051551,0.631810226902473,0.012469275068835417,28,77,0.014125578314523546,0.1395716923573761,0.825675347610332,COMPLETE
43,0.7414501392925882,2026-05-25 12:17:29.984574,2026-05-25 12:18:29.394867,0 days 00:00:59.410293,0.6642478761383097,0.020382485654171903,22,28,0.11701807267787606,0.4468505847234908,0.8338678601487134,COMPLETE
12,0.7414430144115627,2026-05-25 11:43:33.590709,2026-05-25 11:45:46.378978,0 days 00:02:12.788269,0.7067964291781478,0.010590387794846811,6,17,0.394718675392662,0.7708525152086131,0.7225330368110788,COMPLETE
8,0.7414222725132342,2026-05-25 11:39:00.513515,2026-05-25 11:40:14.662870,0 days 00:01:14.149355,0.7554709158757927,0.01351182947645082,9,62,0.2713490317738959,0.8287375091519293,0.7301321323053057,COMPLETE
18,0.7414117082241745,2026-05-25 11:49:58.897559,2026-05-25 11:51:53.244168,0 days 00:01:54.346609,0.7242757678791986,0.010027547127744188,5,15,0.49186905382669743,0.6597904692744068,0.6950043757536312,COMPLETE
19,0.741406219228402,2026-05-25 11:51:53.246367,2026-05-25 11:52:41.618926,0 days 00:00:48.372559,0.8029967056557425,0.022504757487850562,44,49,0.26622700995142967,0.8359868928857552,0.7673697970588984,COMPLETE
2,0.7413943616789669,2026-05-25 11:33:34.079027,2026-05-25 11:34:37.197437,0 days 00:01:03.118410,0.7727780074568463,0.01855998084649058,34,59,0.2912291401980419,0.6118528947223795,0.8099025726528951,COMPLETE
25,0.7413896292306115,2026-05-25 11:57:17.985416,2026-05-25 11:58:08.389109,0 days 00:00:50.403693,0.6079730369432994,0.01993864610091682,18,69,0.3359188228546011,0.45240254684391656,0.9001101099773527,COMPLETE
37,0.7413823342034364,2026-05-25 12:10:51.201229,2026-05-25 12:11:50.372092,0 days 00:00:59.170863,0.7029454918239516,0.022248421608695227,38,63,0.15930683148356917,0.01822474769476476,0.8613229537481668,COMPLETE
49,0.7413586588024,2026-05-25 12:22:37.053022,2026-05-25 12:23:15.100552,0 days 00:00:38.047530,0.7149505814022264,0.03317903273353443,27,43,0.2978145967808786,0.7846153448354719,0.8501187517112023,COMPLETE
21,0.741350089131461,2026-05-25 11:52:52.688496,2026-05-25 11:53:29.532373,0 days 00:00:36.843877,0.6765160810119296,0.030004275881078884,15,43,0.012255917793517368,0.372159660450085,0.7597178593275226,COMPLETE
36,0.7413188391900065,2026-05-25 12:09:37.375435,2026-05-25 12:10:51.200002,0 days 00:01:13.824567,0.6007214282072841,0.015923192857937876,24,95,0.06604080408589405,0.27918124670322303,0.9079204948936834,COMPLETE
24,0.7412524190799514,2026-05-25 11:56:19.203284,2026-05-25 11:57:17.984228,0 days 00:00:58.780944,0.6358278574050004,0.014891718991235042,35,106,0.2188796015421834,0.608446763479371,0.8116206856081177,COMPLETE
29,0.741167088277207,2026-05-25 12:01:49.329970,2026-05-25 12:02:27.535193,0 days 00:00:38.205223,0.6475936450409974,0.037667556478664946,35,71,0.1753780469076544,0.06654403669703646,0.8424588705209003,COMPLETE
47,0.7410383478927367,2026-05-25 12:21:22.803468,2026-05-25 12:22:28.897357,0 days 00:01:06.093889,0.9002680273778603,0.011966356355818393,11,70,0.25471684512403936,0.5030383990032565,0.9048560920630342,COMPLETE
4,0.7410271624337964,2026-05-25 11:35:49.764856,2026-05-25 11:36:20.559248,0 days 00:00:30.794392,0.6260206371941118,0.07500118950416987,63,26,0.9488855372533332,0.9656320330745594,0.6682096494749166,COMPLETE
39,0.7409722240200676,2026-05-25 12:12:09.710599,2026-05-25 12:13:33.836190,0 days 00:01:24.125591,0.7464073223873894,0.012139754914242792,70,177,0.8888113053817867,0.5462760071059998,0.8529203668219043,COMPLETE
3,0.7409373122834875,2026-05-25 11:34:37.200374,2026-05-25 11:35:49.762498,0 days 00:01:12.562124,0.9140703845572055,0.01607123851203988,40,85,0.19967378215835974,0.5142344384136116,0.7824279936868144,COMPLETE
38,0.7409046615630221,2026-05-25 12:11:50.372939,2026-05-25 12:12:09.709408,0 days 00:00:19.336469,0.6285861310951978,0.08279284375665742,30,31,0.23243945291970147,0.48895262796255057,0.8883842129240237,COMPLETE
44,0.7407370874103787,2026-05-25 12:18:29.396019,2026-05-25 12:19:31.032265,0 days 00:01:01.636246,0.9994563730237145,0.012380086443661158,52,83,0.042013627686895,0.004629425104104884,0.786422879666061,COMPLETE
9,0.7407277373381134,2026-05-25 11:40:14.664102,2026-05-25 11:40:45.065533,0 days 00:00:30.401431,0.9208787923016158,0.03364867144187955,57,82,0.07455064367977082,0.9868869366005173,0.6563696899899051,COMPLETE
28,0.7406617830834632,2026-05-25 12:01:21.596956,2026-05-25 12:01:49.328943,0 days 00:00:27.731987,0.73894590736468,0.047096093695448586,49,103,0.0868160541378048,0.22183693053199124,0.8412676708898712,COMPLETE
6,0.740627240906433,2026-05-25 11:36:30.346322,2026-05-25 11:38:08.431909,0 days 00:01:38.085587,0.7246844304357644,0.011240768803005551,29,234,0.5200680211778108,0.5467102793432796,0.8650089137415928,COMPLETE
0,0.7405937530105767,2026-05-25 11:32:52.958583,2026-05-25 11:33:25.429073,0 days 00:00:32.470490,0.6624074561769746,0.03574712922600244,75,244,0.15599452033620265,0.05808361216819946,0.8394633936788146,COMPLETE
14,0.7405556171672985,2026-05-25 11:47:55.049347,2026-05-25 11:48:34.070281,0 days 00:00:39.020934,0.8363231194086244,0.0257963540361634,23,125,0.6634064286119825,0.3753749488161027,0.6734386670371081,COMPLETE
7,0.7401319481050292,2026-05-25 11:38:08.434781,2026-05-25 11:39:00.512182,0 days 00:00:52.077401,0.9579309401710595,0.01875220945578641,79,248,0.5978999788110851,0.9218742350231168,0.9757995766256756,COMPLETE
17,0.740024259147566,2026-05-25 11:49:36.269950,2026-05-25 11:49:58.896387,0 days 00:00:22.626437,0.8310281079913988,0.045979036743030444,16,113,0.7059388023638251,0.8277872594575406,0.6048361253265715,COMPLETE
10,0.7398356215969502,2026-05-25 11:40:45.067173,2026-05-25 11:41:07.198999,0 days 00:00:22.131826,0.8560354009870226,0.057377690360134986,98,149,0.3802929602518106,0.7303668952070098,0.7387403565626488,COMPLETE
5,0.7382955592579147,2026-05-25 11:36:20.560114,2026-05-25 11:36:30.345527,0 days 00:00:09.785413,0.7760609974958405,0.1563510870813346,14,88,0.12203823484477883,0.4951769101112702,0.8736932106048627,COMPLETE
15,0.7374517516439791,2026-05-25 11:48:34.071371,2026-05-25 11:48:45.002246,0 days 00:00:10.930875,0.6017170553040556,0.10293745505149193,47,190,0.4134140996927128,0.6899805824327375,0.9268500965144757,COMPLETE
48,0.7366492295575837,2026-05-25 12:22:28.898167,2026-05-25 12:22:37.052356,0 days 00:00:08.154189,0.6383830913378549,0.16106858101602256,89,148,0.1749483727764709,0.15143267866542284,0.9968602320634897,COMPLETE
1,0.7357468571635705,2026-05-25 11:33:25.430110,2026-05-25 11:33:34.078246,0 days 00:00:08.648136,0.9879639408647978,0.19030368381735815,72,159,0.8324426408004217,0.21233911067827616,0.608233797718321,COMPLETE
20,0.7310588962170317,2026-05-25 11:52:41.620168,2026-05-25 11:52:52.686508,0 days 00:00:11.066340,0.6733221423256304,0.28291191792305587,24,206,0.5404825867617737,0.40768513255829547,0.6369143438377286,COMPLETE
