feature,bin,count,count_pct,non_event,event,event_rate,woe,iv,coefficient,points
funded_amnt_inv,"(-inf, 9000.23)",141599,0.3139249767215005,121864,19735,0.13937245319529093,0.23205069680947887,0.01563524116901214,-0.5660896087290155,3.8
funded_amnt_inv,"[9000.23, 15048.66)",143138,0.3173369396532612,118913,24225,0.16924226969777417,0.002545712609211659,2.0548210669898357e-06,-0.5660896087290155,0.0
funded_amnt_inv,"[15048.66, inf)",166323,0.3687380836252383,133783,32540,0.19564341672528754,-0.1747122803855108,0.011912883782320848,-0.5660896087290155,-2.9
funded_amnt_inv,Special,0,0.0,0,0,0.0,0.0,0.0,-0.5660896087290155,0.0
funded_amnt_inv,Missing,0,0.0,0,0,0.0,0.0,0.0,-0.5660896087290155,0.0
int_rate,"(-inf, 9.74)",91014,0.20177803396443933,85430,5584,0.06135319840903597,1.1393306987933454,0.1766959318165027,-0.480963177277517,15.8
int_rate,"[9.74, 14.48)",175911,0.38999467920010644,152325,23586,0.13407916503231748,0.2769018175566693,0.027237015978029997,-0.480963177277517,3.8
int_rate,"[14.48, inf)",184135,0.4082272868354543,136805,47330,0.25703967197979743,-0.527049052600139,0.13358107077002296,-0.480963177277517,-7.3
int_rate,Special,0,0.0,0,0,0.0,0.0,0.0,-0.480963177277517,0.0
int_rate,Missing,0,0.0,0,0,0.0,0.0,0.0,-0.480963177277517,0.0
annual_inc,"(-inf, 60865.00)",218516,0.48444996231100074,176293,42223,0.19322612531805453,-0.15927897560994375,0.012944239936376578,-0.9388726282712303,-4.3
annual_inc,"[60865.00, 80000.02)",96689,0.21435950871280982,80712,15977,0.16524113394491619,0.03127581215053299,0.00020752009086385558,-0.9388726282712303,0.8
annual_inc,"[80000.02, inf)",135855,0.3011905289761894,117555,18300,0.1347024401015789,0.27154398641545185,0.02026602349344153,-0.9388726282712303,7.4
annual_inc,Special,0,0.0,0,0,0.0,0.0,0.0,-0.9388726282712303,0.0
annual_inc,Missing,0,0.0,0,0,0.0,0.0,0.0,-0.9388726282712303,0.0
dti,"(-inf, 14.68)",180914,0.4010863299782734,156250,24664,0.13632996893551633,0.2576513351225511,0.024412696172702576,-0.37944951736276245,2.8
dti,"[14.68, 22.97)",161599,0.35826497583470046,133384,28215,0.17459885271567274,-0.03508282807305618,0.0004460791683174069,-0.37944951736276245,-0.4
dti,"[22.97, inf)",108547,0.2406486941870261,84926,23621,0.21761080453628381,-0.30881712071268685,0.02533408188805842,-0.37944951736276245,-3.4
dti,Special,0,0.0,0,0,0.0,0.0,0.0,-0.37944951736276245,0.0
dti,Missing,0,0.0,0,0,0.0,0.0,0.0,-0.37944951736276245,0.0
fico_range_high,"(-inf, 696.50)",245430,0.544118299117634,195475,49955,0.20354072444281465,-0.22415136908451472,0.02939241565410575,-0.31048004512085176,-2.0
fico_range_high,"[696.50, 736.50)",150550,0.3337693433246131,128718,21832,0.14501494520092992,0.1857859186462758,0.010824927373718377,-0.31048004512085176,1.7
fico_range_high,"[736.50, inf)",55080,0.12211235755775285,50367,4713,0.08556644880174293,0.7805502878706665,0.05687240413256849,-0.31048004512085176,7.0
fico_range_high,Special,0,0.0,0,0,0.0,0.0,0.0,-0.31048004512085176,0.0
fico_range_high,Missing,0,0.0,0,0,0.0,0.0,0.0,-0.31048004512085176,0.0
inq_last_6mths,"(-inf, 0.50)",233553,0.5177869906442601,198215,35338,0.15130612751709463,0.13593216505781802,0.009142744961376775,-0.3525299124245099,1.4
inq_last_6mths,"[0.50, 1.50)",126756,0.28101804637963906,104182,22574,0.17809018902458265,-0.05912069476805537,0.0010015012483266205,-0.3525299124245099,-0.6
inq_last_6mths,"[1.50, inf)",90751,0.20119496297610073,72163,18588,0.20482418926513207,-0.2320500249632813,0.011676680736067197,-0.3525299124245099,-2.4
inq_last_6mths,Special,0,0.0,0,0,0.0,0.0,0.0,-0.3525299124245099,0.0
inq_last_6mths,Missing,0,0.0,0,0,0.0,0.0,0.0,-0.3525299124245099,0.0
revol_util,"(-inf, 25.85)",54096,0.1199308296013834,47505,6591,0.12183895297249335,0.38666862367801946,0.015726566823706215,0.023132455889016093,-0.3
revol_util,"[25.85, 56.55)",165505,0.36692457766150843,139146,26359,0.15926407057188605,0.07525270604337986,0.002026539744293174,0.023132455889016093,-0.1
revol_util,"[56.55, inf)",231169,0.5125016627499668,187680,43489,0.18812643563799644,-0.1262309105584547,0.008509950301496493,0.023132455889016093,0.1
revol_util,Special,0,0.0,0,0,0.0,0.0,0.0,0.023132455889016093,-0.0
revol_util,Missing,290,0.0006429299871414003,229,61,0.2103448275862069,-0.2656131235291821,4.9404465158894614e-05,0.023132455889016093,0.2
acc_open_past_24mths,"(-inf, 2.50)",119654,0.26527291269454173,103829,15825,0.13225633911110368,0.2926930842008275,0.020587984497429157,-0.4831118809799125,4.1
acc_open_past_24mths,"[2.50, 5.50)",174117,0.38601738127965235,144270,29847,0.1714192181119592,-0.012859051227761764,6.410144033456661e-05,-0.4831118809799125,-0.2
acc_open_past_24mths,"[5.50, inf)",110008,0.24388773112224538,86066,23942,0.21763871718420477,-0.30898105795824105,0.025703633550310842,-0.4831118809799125,-4.3
acc_open_past_24mths,Special,0,0.0,0,0,0.0,0.0,0.0,-0.4831118809799125,0.0
acc_open_past_24mths,Missing,47281,0.1048219749035605,40395,6886,0.1456398976332988,0.18075438710522929,0.0032234775863933976,-0.4831118809799125,2.5
avg_cur_bal,"(-inf, 14683.50)",256070,0.5677071786458564,207574,48496,0.18938571484359745,-0.1344546806248983,0.010723262958249451,-0.2787482082390112,-1.1
avg_cur_bal,"[14683.50, 36924.50)",99839,0.22134305857313882,85084,14755,0.1477879385811156,0.1635957324963908,0.005608287600552799,-0.2787482082390112,1.3
avg_cur_bal,"[36924.50, inf)",27612,0.06121580277568395,24685,2927,0.10600463566565262,0.5437565010909668,0.015030819592211276,-0.2787482082390112,4.4
avg_cur_bal,Special,0,0.0,0,0,0.0,0.0,0.0,-0.2787482082390112,0.0
avg_cur_bal,Missing,67539,0.1497339600053208,57217,10322,0.15283021661558507,0.12411225439030638,0.002212896428896726,-0.2787482082390112,1.0
bc_open_to_buy,"(-inf, 2766.50)",174726,0.3873675342526493,139667,35059,0.2006513054725685,-0.20623260157759793,0.01761324016837046,-0.2133874229392745,-1.3
bc_open_to_buy,"[2766.50, 10984.50)",135180,0.2996940540061189,112522,22658,0.16761355230063618,0.014174504720127823,5.993182647056672e-05,-0.2133874229392745,0.1
bc_open_to_buy,"[10984.50, inf)",90015,0.19956325100873498,78859,11156,0.1239348997389324,0.3672227149937528,0.023762112379381844,-0.2133874229392745,2.3
bc_open_to_buy,Special,0,0.0,0,0,0.0,0.0,0.0,-0.2133874229392745,0.0
bc_open_to_buy,Missing,51139,0.11337516073249679,43512,7627,0.14914253309607148,0.15288091602844767,0.0025177893450650424,-0.2133874229392745,0.9
bc_util,"(-inf, 46.15)",96357,0.21362346472753072,83070,13287,0.13789345870045766,0.24443624933169894,0.011755904171174968,-0.08088463039751516,0.6
bc_util,"[46.15, 91.75)",227879,0.5052077328958453,188238,39641,0.1739563540299896,-0.030618079468809123,0.0004784178673269953,-0.08088463039751516,-0.1
bc_util,"[91.75, inf)",75444,0.1672593446548131,59546,15898,0.21072583638195216,-0.26790545496076157,0.013084804737953521,-0.08088463039751516,-0.6
bc_util,Special,0,0.0,0,0,0.0,0.0,0.0,-0.08088463039751516,0.0
bc_util,Missing,51380,0.11390945772181084,43706,7674,0.14935772674192294,0.15118613771308942,0.0024752980187042048,-0.08088463039751516,0.4
mo_sin_old_rev_tl_op,"(-inf, 123.50)",106753,0.23667139626657208,85702,21051,0.19719352149354116,-0.18453316529407604,0.008556680507919155,-0.09472559924087065,-0.5
mo_sin_old_rev_tl_op,"[123.50, 233.50)",187157,0.4149270607014588,155311,31846,0.17015660648546407,-0.003943490047721321,6.4609877450193695e-06,-0.09472559924087065,-0.0
mo_sin_old_rev_tl_op,"[233.50, inf)",89622,0.1986919700261606,76338,13284,0.14822253464551113,0.16014928196400802,0.004830114336015288,-0.09472559924087065,0.4
mo_sin_old_rev_tl_op,Special,0,0.0,0,0,0.0,0.0,0.0,-0.09472559924087065,0.0
mo_sin_old_rev_tl_op,Missing,67528,0.14970957300580853,57209,10319,0.1528106859376851,0.12426310962234965,0.0022178051499021655,-0.09472559924087065,0.3
mo_sin_rcnt_rev_tl_op,"(-inf, 3.50)",88548,0.19631091207378176,70792,17756,0.20052400957672675,-0.2054387499168504,0.008855262280430879,0.2068900142123276,1.2
mo_sin_rcnt_rev_tl_op,"[3.50, 17.50)",207511,0.46005187779896245,171211,36300,0.17493048561281088,-0.03738229020091821,0.000650855868543984,0.2068900142123276,0.2
mo_sin_rcnt_rev_tl_op,"[17.50, inf)",87473,0.19392763712144725,75348,12125,0.13861420095343707,0.2383866821863152,0.010171316189408114,0.2068900142123276,-1.4
mo_sin_rcnt_rev_tl_op,Special,0,0.0,0,0,0.0,0.0,0.0,0.2068900142123276,-0.0
mo_sin_rcnt_rev_tl_op,Missing,67528,0.14970957300580853,57209,10319,0.1528106859376851,0.12426310962234965,0.0022178051499021655,0.2068900142123276,-0.7
mo_sin_rcnt_tl,"(-inf, 4.50)",151320,0.33547643329047133,121401,29919,0.19772006344171292,-0.18785587717418895,0.012582914041057285,-0.1737469948292271,-0.9
mo_sin_rcnt_tl,"[4.50, 14.50)",179218,0.397326298053474,149602,29616,0.16525125824414957,0.031202415693717844,0.0003828551903464507,-0.1737469948292271,0.2
mo_sin_rcnt_tl,"[14.50, inf)",52995,0.11748991265020174,46348,6647,0.12542692706859138,0.3535512531652605,0.013028705165114602,-0.1737469948292271,1.8
mo_sin_rcnt_tl,Special,0,0.0,0,0,0.0,0.0,0.0,-0.1737469948292271,0.0
mo_sin_rcnt_tl,Missing,67527,0.1497073560058529,57209,10318,0.15279814000325795,0.12436002293346848,0.0022211604464900487,-0.1737469948292271,0.6
mort_acc,"(-inf, 0.50)",159585,0.3537999379240012,128566,31019,0.19437290472162172,-0.1666187917171995,0.010368973366010541,-0.3438638977244769,-1.7
mort_acc,"[0.50, 2.50)",120998,0.2682525606349488,100431,20567,0.16997801616555647,-0.002678187937649623,1.925795559376823e-06,-0.3438638977244769,-0.0
mort_acc,"[2.50, inf)",123196,0.27312552653748945,105168,18028,0.1463359199974025,0.1751717037827083,0.007903276906619485,-0.3438638977244769,1.7
mort_acc,Special,0,0.0,0,0,0.0,0.0,0.0,-0.3438638977244769,0.0
mort_acc,Missing,47281,0.1048219749035605,40395,6886,0.1456398976332988,0.18075438710522929,0.0032234775863933976,-0.3438638977244769,1.8
mths_since_recent_bc,"(-inf, 3.50)",51961,0.1151975346960493,41202,10759,0.20705914050922808,-0.24571707765528816,0.00752863733276976,-0.4917580921728908,-3.5
mths_since_recent_bc,"[3.50, 29.50)",244228,0.5414534651709307,200866,43362,0.17754720998411322,-0.05540672536763758,0.0016927661640082075,-0.4917580921728908,-0.8
mths_since_recent_bc,"[29.50, inf)",104119,0.23083181838336364,89288,14831,0.14244278181695944,0.20668625268347784,0.009199967366042228,-0.4917580921728908,2.9
mths_since_recent_bc,Special,0,0.0,0,0,0.0,0.0,0.0,-0.4917580921728908,0.0
mths_since_recent_bc,Missing,50752,0.11251718174965636,43204,7548,0.1487232030264817,0.1561891931398136,0.0026051325495094115,-0.4917580921728908,2.2
mths_since_recent_inq,"(-inf, 2.50)",104331,0.23130182237396354,83196,21135,0.20257641544699082,-0.21819242718051002,0.011816842118871816,-0.2074350098943199,-1.3
mths_since_recent_inq,"[2.50, 8.50)",138246,0.3064913758701725,113720,24526,0.177408387946125,-0.05445575546714565,0.0009252979637478306,-0.2074350098943199,-0.3
mths_since_recent_inq,"[8.50, inf)",120645,0.26746995965060083,101876,18769,0.15557213311782503,0.10308855187954746,0.0027464915121697404,-0.2074350098943199,0.6
mths_since_recent_inq,Special,0,0.0,0,0,0.0,0.0,0.0,-0.2074350098943199,0.0
mths_since_recent_inq,Missing,87838,0.19473684210526315,75768,12070,0.13741205400851567,0.2484917419042496,0.011059763687686743,-0.2074350098943199,1.5
num_actv_rev_tl,"(-inf, 4.50)",150648,0.3339866093202678,127999,22649,0.15034384791036057,0.14344548763496623,0.0065506206991422155,-0.36321482029045904,1.5
num_actv_rev_tl,"[4.50, 9.50)",192276,0.4262758834744823,157692,34584,0.17986644198963989,-0.07120864682593964,0.0022126271908612365,-0.36321482029045904,-0.7
num_actv_rev_tl,"[9.50, inf)",40609,0.09003015119939697,31660,8949,0.22036986874830702,-0.32494900265796556,0.010546073166888919,-0.36321482029045904,-3.4
num_actv_rev_tl,Special,0,0.0,0,0,0.0,0.0,0.0,-0.36321482029045904,0.0
num_actv_rev_tl,Missing,67527,0.1497073560058529,57209,10318,0.15279814000325795,0.12436002293346848,0.0022211604464900487,-0.36321482029045904,1.3
num_tl_op_past_12m,"(-inf, 0.50)",70409,0.156096749878065,61185,9224,0.13100597934923092,0.30363201556076325,0.012988315689726724,-0.22466889654216482,2.0
num_tl_op_past_12m,"[0.50, 2.50)",194222,0.43059016538819667,162349,31873,0.16410602300460297,0.03952781967590413,0.0006640164782376628,-0.22466889654216482,0.3
num_tl_op_past_12m,"[2.50, inf)",118902,0.2636057287278854,93817,25085,0.21097206102504584,-0.2693852445817557,0.02086010024731671,-0.22466889654216482,-1.7
num_tl_op_past_12m,Special,0,0.0,0,0,0.0,0.0,0.0,-0.22466889654216482,0.0
num_tl_op_past_12m,Missing,67527,0.1497073560058529,57209,10318,0.15279814000325795,0.12436002293346848,0.0022211604464900487,-0.22466889654216482,0.8
percent_bc_gt_75,"(-inf, 13.15)",72515,0.16076575178468497,63188,9327,0.12862166448321036,0.3247397270520138,0.015190579214597317,-0.1641066146024692,1.5
percent_bc_gt_75,"[13.15, 53.10)",144251,0.31980446060391077,120803,23448,0.16254999965338196,0.0509146533107292,0.0008151411857806469,-0.1641066146024692,0.2
percent_bc_gt_75,"[53.10, inf)",183043,0.4058063228838735,146958,36085,0.19713946996061035,-0.18419169776542788,0.014615793751945622,-0.1641066146024692,-0.9
percent_bc_gt_75,Special,0,0.0,0,0,0.0,0.0,0.0,-0.1641066146024692,0.0
percent_bc_gt_75,Missing,51251,0.11362346472753071,43611,7640,0.14907026204366744,0.15345054602375807,0.0025416525268364804,-0.1641066146024692,0.7
total_bc_limit,"(-inf, 15946.50)",222913,0.4941981111160378,180251,42662,0.19138408257930223,-0.14741953317985912,0.011268634336859564,-0.2461990451564303,-1.0
total_bc_limit,"[15946.50, 41932.00)",137244,0.30426994191460116,115372,21872,0.15936580105505524,0.07449314742640256,0.0016471612005549002,-0.2461990451564303,0.5
total_bc_limit,"[41932.00, inf)",43622,0.09670997206580056,38542,5080,0.11645499977075788,0.4379760312752279,0.015983573145786016,-0.2461990451564303,3.1
total_bc_limit,Special,0,0.0,0,0,0.0,0.0,0.0,-0.2461990451564303,0.0
total_bc_limit,Missing,47281,0.1048219749035605,40395,6886,0.1456398976332988,0.18075438710522929,0.0032234775863933976,-0.2461990451564303,1.3
term,[' 36 months'],335558,0.7439320711213586,291735,43823,0.13059739299912385,0.3072257993396075,0.06329595121242543,-0.7320443152878816,6.5
term,[' 60 months'],115502,0.25606792887864144,82825,32677,0.2829128499939395,-0.6584027812365367,0.13564690989120468,-0.7320443152878816,-13.9
term,Special,0,0.0,0,0,0.0,0.0,0.0,-0.7320443152878816,0.0
term,Missing,0,0.0,0,0,0.0,0.0,0.0,-0.7320443152878816,0.0
home_ownership,['ANY' 'MORTGAGE' 'NONE'],227372,0.5040837139183257,192560,34812,0.15310592333268827,0.1219843756374388,0.007201678975429766,-0.6055920262406219,2.1
home_ownership,['OWN'],40350,0.08945594821088104,33328,7022,0.1740272614622057,-0.031111456137734805,8.747859811358522e-05,-0.6055920262406219,-0.5
home_ownership,['OTHER' 'RENT'],183338,0.4064603378707932,148672,34666,0.18908245971920715,-0.13247810528128512,0.007448705404245847,-0.6055920262406219,-2.3
home_ownership,Special,0,0.0,0,0,0.0,0.0,0.0,-0.6055920262406219,0.0
home_ownership,Missing,0,0.0,0,0,0.0,0.0,0.0,-0.6055920262406219,0.0
verification_status,['Not Verified'],142445,0.3158005586839888,124289,18156,0.12745972129593877,0.33514715152115016,0.0316691748449008,-0.2334446055153896,2.3
verification_status,['Source Verified'],144981,0.32142287057154256,117645,27336,0.18854884433132618,-0.12899416239036166,0.0055783271137395144,-0.2334446055153896,-0.9
verification_status,['Verified'],163634,0.36277657074446856,132626,31008,0.1894960704987961,-0.13517336165619476,0.00692743750067707,-0.2334446055153896,-0.9
verification_status,Special,0,0.0,0,0,0.0,0.0,0.0,-0.2334446055153896,0.0
verification_status,Missing,0,0.0,0,0,0.0,0.0,0.0,-0.2334446055153896,0.0
purpose,['car' 'wedding' 'major_purchase' 'credit_card' 'home_improvement'],143538,0.3182237396355252,123081,20457,0.14251975086736612,0.20605629010097926,0.012608542037823803,-0.4831804367684412,2.9
purpose,['vacation' 'educational' 'debt_consolidation' 'medical' 'house'],274635,0.6088657828226843,225245,49390,0.1798386949951754,-0.07102053877883474,0.0031435101800739926,-0.4831804367684412,-1.0
purpose,['other' 'renewable_energy' 'moving' 'small_business'],32887,0.07291047754179045,26234,6653,0.20229878067321433,-0.21647286427690693,0.003664410917615386,-0.4831804367684412,-3.0
purpose,Special,0,0.0,0,0,0.0,0.0,0.0,-0.4831804367684412,0.0
purpose,Missing,0,0.0,0,0,0.0,0.0,0.0,-0.4831804367684412,0.0
earliest_cr_line,"['Jun-1949' 'Mar-1959' 'Jun-1968' 'Jun-1966' 'Jun-1962' 'Jun-1961'
 'Jun-1958' 'Jul-1958' 'Jul-1955' 'Jan-1957' 'Jan-1954' 'Jan-1953'
 'Jan-1951' 'Mar-1960' 'Jan-1948' 'Feb-1965' 'Feb-1963' 'Feb-1960'
 'Feb-1957' 'Dec-1968' 'Dec-1961' 'Aug-1946' 'Dec-1960' 'Dec-1958'
 'Aug-1961' 'Aug-1962' 'Aug-1963' 'Jan-1946' 'Mar-1961' 'Mar-1962'
 'Mar-1965' 'Apr-1961' 'Apr-1962' 'Apr-1963' 'Sep-1960' 'Sep-1956'
 'Oct-1971' 'Oct-1961' 'Apr-1969' 'Oct-1960' 'Oct-1959' 'Oct-1957'
 'Oct-1954' 'Dec-1951' 'Oct-1950' 'Nov-1961' 'Nov-1955' 'Nov-1954'
 'Nov-1953' 'Nov-1950' 'May-1962' 'May-1960' 'May-1959' 'May-1958'
 'May-1953' 'May-1950' 'Nov-1962' 'Dec-1950' 'Sep-1971' 'Mar-1968'
 'Sep-1969' 'Dec-1969' 'Jan-1966' 'May-1971' 'Feb-1971' 'Nov-1968'
 'Jul-1974' 'Aug-1967' 'Mar-1976' 'Aug-1965' 'Jul-1969' 'Sep-1968'
 'Aug-1975' 'May-1977' 'Mar-1973' 'Jan-1960' 'Jul-1979' 'Apr-1974'
 'Apr-1970' 'May-1972' 'Jun-1974' 'Sep-1982' 'May-1976' 'Oct-1979'
 'Jan-1979' 'May-1980' 'Sep-1975' 'Apr-1976' 'May-1973' 'May-1965'
 'Oct-1962' 'Apr-1972' 'Nov-1964' 'Apr-1980' 'Oct-1982' 'Jul-1980'
 'Jun-1981' 'Apr-1978' 'Feb-1973' 'Aug-1981' 'Dec-1974' 'Jun-1976'
 'Jul-1981' 'Sep-1978' 'Nov-1981' 'Aug-1976' 'Mar-1978' 'Mar-1975'
 'Mar-1986' 'Mar-1980' 'Nov-1977' 'Apr-1986' 'Jan-1978' 'Oct-1966'
 'Feb-1970' 'Apr-1975' 'Jun-1967' 'Jan-1981' 'May-1984' 'Sep-1984'
 'Oct-1983' 'Nov-1976' 'Apr-1981' 'Feb-1985' 'Nov-1982' 'May-1981'
 'Jul-1973' 'Jun-1983' 'Dec-1980' 'Feb-1992' 'Aug-1982' 'Mar-1981'
 'Aug-1986' 'Jan-1988' 'Oct-1978' 'Feb-1991' 'Jul-1987' 'Dec-1983'
 'May-1969' 'Apr-1968' 'Feb-1980' 'Dec-1984' 'Nov-1990' 'Jun-1987'
 'Sep-1977' 'Feb-1986' 'Jun-1972' 'Oct-1984' 'Sep-1973' 'Jul-1972'
 'Apr-1979' 'Feb-1979' 'Feb-1984' 'Sep-1981' 'Apr-1977' 'Jun-1971'
 'Oct-1980' 'Oct-1992' 'May-1988' 'Jun-1978' 'Jan-1975' 'May-1993'
 'Mar-1984' 'Jun-1994' 'Dec-1985' 'Jun-1980' 'Nov-1986' 'Jan-1967'
 'Mar-1977' 'Mar-1987' 'May-1990' 'Oct-1989' 'Dec-1982' 'Jun-1973'
 'May-1987' 'Dec-1987' 'Apr-1992' 'Feb-1989' 'Feb-1990' 'Aug-1993'
 'Jun-1988' 'Apr-1983' 'Feb-1982' 'Oct-1976' 'Nov-1992' 'Dec-1993'
 'Aug-1991' 'Aug-1972' 'Mar-1967' 'Sep-1965' 'Nov-1965' 'Jul-1977'
 'Jun-1991' 'Aug-1970' 'Aug-1992' 'Mar-1989' 'Feb-1993' 'Jun-1982'
 'Aug-1983' 'May-1991' 'Nov-1985' 'Oct-1991' 'May-1983' 'Oct-1973'
 'Jul-1991' 'Jul-1989' 'Apr-1994' 'Jan-1993' 'Sep-1987' 'Jan-1991'
 'Jun-1993' 'Jun-1984' 'Dec-1986' 'Dec-1971' 'Jan-1992' 'Nov-1978'
 'Apr-1990' 'Feb-1988' 'Jul-1985' 'Dec-1995' 'Mar-1988' 'Jan-1982'
 'Sep-1980' 'Nov-1996' 'Jul-1983' 'Jun-1985' 'Oct-1990' 'Sep-1979'
 'Nov-1973' 'May-1989' 'Feb-1994' 'Aug-1990' 'Mar-1992' 'Apr-1989'
 'Mar-1990' 'Nov-1975' 'Dec-1979' 'Dec-1990' 'Sep-1972' 'Mar-1983'
 'Dec-1991' 'Mar-1991' 'May-1970' 'Jan-1976' 'Jun-1986' 'Sep-1985'
 'Sep-2005' 'Apr-1982' 'Sep-1990' 'Jun-1990' 'Jan-1995' 'Mar-1970'
 'Jan-1984' 'Sep-1993' 'May-1979' 'Apr-1987' 'Nov-1987' 'Feb-1996'
 'Dec-1989' 'Dec-1994' 'Jun-1992' 'Mar-1985' 'Feb-1987' 'Jan-1985'
 'Apr-1988' 'Nov-1980' 'May-1995' 'Nov-1983' 'Jan-1990' 'Oct-1986'
 'Jul-1994' 'Aug-1998' 'Sep-1991' 'Aug-1989' 'Dec-1981' 'Jan-1974']",94929,0.21045758879084822,81394,13535,0.1425802441824943,0.20556137424168863,0.008300061385920016,-0.5229573381825805,3.1
earliest_cr_line,"['Jan-1980' 'Jul-1990' 'Jun-1995' 'Sep-1986' 'Jun-1970' 'Nov-1974'
 'Nov-1991' 'Oct-1988' 'Nov-1998' 'Apr-1991' 'Sep-1974' 'Apr-1996'
 'Nov-1979' 'Nov-1967' 'Jun-1989' 'Oct-1999' 'Jan-1983' 'Jan-1986'
 'Mar-1998' 'Aug-1979' 'Dec-1977' 'May-1975' 'Jul-1992' 'Apr-1995'
 'Jul-1988' 'May-1994' 'Aug-1985' 'Mar-1995' 'Mar-1982' 'Oct-1985'
 'Jan-1987' 'Mar-1979' 'Oct-1977' 'Jan-1994' 'Feb-1995' 'Nov-1988'
 'Aug-1994' 'Oct-1975' 'Jul-1993' 'Apr-1993' 'Aug-1978' 'Aug-1988'
 'Dec-1998' 'Nov-1989' 'Sep-2001' 'Sep-1994' 'Mar-1997' 'Sep-1995'
 'Apr-1985' 'Aug-1997' 'Jul-1984' 'Dec-1976' 'Nov-1993' 'Aug-1980'
 'Aug-1974' 'Jun-1979' 'Jun-1975' 'Mar-1994' 'May-1985' 'Dec-1972'
 'Dec-1996' 'Jul-1978' 'Aug-1973' 'Jan-1997' 'Feb-1997' 'Jan-1996'
 'Dec-1988' 'Aug-1987' 'Aug-1996' 'Oct-1994' 'Oct-2000' 'Oct-1987'
 'Nov-1969' 'Nov-1970' 'Oct-1970' 'Mar-1963' 'May-1963' 'Feb-1974'
 'Jun-1963' 'Jul-1963' 'Aug-2003' 'Aug-2000' 'Mar-1993' 'Dec-1992'
 'Jul-1998' 'Jan-2009' 'Feb-1983' 'Nov-2004' 'Oct-1998' 'Sep-1997'
 'Oct-2001' 'Oct-2004' 'Jan-1977' 'Dec-1997' 'Jun-1996' 'Nov-2008'
 'Mar-2000' 'Nov-1994' 'Jun-1998' 'Dec-2002' 'Jun-2002' 'Oct-1993'
 'Sep-1996' 'Sep-1992' 'Mar-1974' 'Nov-1995' 'Sep-1983' 'Sep-1989'
 'Sep-2003' 'Sep-2002' 'Apr-1997' 'Nov-1984' 'Nov-2010' 'Aug-2005'
 'Feb-1977' 'Jan-1989' 'May-1996' 'Jan-2001' 'Jan-1999' 'Jul-1995'
 'Oct-1972' 'May-1986' 'Mar-1999' 'Aug-2001' 'Oct-2002' 'Apr-1984'
 'Oct-1997' 'Jul-2001' 'May-2000' 'Jul-1999' 'Sep-2000' 'Sep-2010'
 'Jul-1996' 'Dec-1999' 'May-1999' 'May-2005' 'Oct-2006' 'Oct-2005'
 'Sep-2004' 'Aug-2002' 'Sep-1998' 'Nov-1997' 'Nov-2002' 'Aug-1995'
 'Aug-1999' 'Dec-2000' 'Jan-2005' 'May-1992' 'Nov-2003' 'May-2006'
 'Mar-2001' 'Jul-2000' 'Oct-2003' 'Feb-1999' 'Oct-1995' 'Oct-1996'
 'Jan-1998' 'Jan-2006' 'Aug-1984' 'Feb-1998' 'Oct-2008' 'Apr-1998'
 'Sep-1988' 'Feb-1972' 'May-2011' 'Dec-2007' 'Feb-2001' 'Jul-2003'
 'Jun-1999' 'May-1998' 'Jul-2002' 'Jun-1997' 'Mar-2011' 'Feb-2003'
 'Jun-2001' 'Dec-2001' 'Feb-1976' 'May-1978' 'Mar-1996' 'Oct-1981'
 'Nov-2000' 'Feb-2000' 'Jul-1982' 'Apr-2000' 'Mar-1972' 'Nov-1999'
 'Jun-2000' 'May-1997' 'Dec-1975' 'May-2001' 'Sep-1999' 'May-1982'
 'Jan-2002' 'Jan-2000' 'Feb-2006' 'Nov-2005' 'Mar-2006' 'Jun-1965'
 'Jan-1962' 'Jul-1971' 'May-1974' 'Feb-2002' 'Apr-1999' 'Apr-2002'
 'Jan-2003' 'Jul-2006' 'Jul-2007' 'Jun-2004' 'Apr-1973' 'Jun-2003'
 'Aug-2010' 'Jul-1976' 'Dec-2005' 'Jun-1977' 'Jul-1986' 'Jul-2004'
 'Aug-2004' 'May-2002' 'May-2008' 'Apr-2007' 'Feb-2008' 'Dec-2004'
 'Aug-1971' 'Sep-1964' 'Aug-1977' 'Apr-1971']",295131,0.6543054139138917,244494,50637,0.17157465667788202,-0.013953028548492341,0.00012797264896467783,-0.5229573381825805,-0.2
earliest_cr_line,"['Jul-1997' 'Aug-2007' 'Dec-1978' 'Feb-1981' 'Feb-1975' 'Sep-2008'
 'Dec-2003' 'Jun-2008' 'Aug-2006' 'May-2004' 'May-2003' 'Mar-2002'
 'Nov-2001' 'Aug-2008' 'Sep-2006' 'Jul-2011' 'Dec-2006' 'Mar-2003'
 'Apr-2006' 'Mar-2005' 'Apr-2003' 'Nov-1972' 'Jan-2004' 'Sep-2007'
 'Feb-2010' 'Feb-2005' 'Apr-2001' 'Dec-2008' 'Jan-1972' 'Feb-2009'
 'Oct-1974' 'Apr-2005' 'Sep-1976' 'Jun-2005' 'Apr-2008' 'Apr-1966'
 'Apr-1965' 'May-1968' 'Dec-2010' 'Jan-1969' 'Mar-1964' 'Jul-1964'
 'May-1966' 'Mar-2004' 'Feb-1964' 'Nov-2007' 'Aug-2009' 'Jun-2007'
 'Jul-2005' 'Jan-2007' 'Jun-2006' 'Jan-2011' 'Apr-2009' 'Feb-2004'
 'Feb-2011' 'Nov-2006' 'Nov-1971' 'Jul-2009' 'Apr-2004' 'Jul-1968'
 'May-2007' 'Feb-1978' 'Oct-2007' 'Jan-2008' 'Feb-2007' 'Apr-2010'
 'Dec-2009' 'Jul-1965' 'Jul-1967' 'Dec-1966' 'Mar-1966' 'Jul-1970'
 'Jun-2009' 'Oct-1967' 'Sep-2009' 'May-2009' 'Jul-2010' 'Oct-2009'
 'Aug-1966' 'Oct-1963' 'Apr-1964' 'Jun-2010' 'Jul-2008' 'Jul-1975'
 'Mar-2008' 'Mar-2010' 'Jan-1973' 'Sep-1970' 'Mar-2007' 'May-2010'
 'Feb-1969' 'May-1967' 'Jan-1965' 'Jan-1963' 'Oct-1969' 'Aug-1969'
 'Jan-2010' 'Oct-2010' 'Jun-2011' 'Oct-2011' 'Oct-1964' 'Oct-1965'
 'Apr-1967' 'Jan-1955' 'Jan-1961' 'Dec-1964' 'Apr-2011' 'Mar-2009'
 'Feb-1968' 'Aug-1968' 'Nov-2009' 'Dec-1970' 'Dec-1965' 'Dec-1973'
 'Dec-1967' 'Jun-1969' 'Mar-1969' 'May-1964' 'Jan-1970' 'Jan-1971'
 'Sep-2011' 'Jan-1968' 'Nov-1966' 'Aug-2011' 'Jun-1960' 'Feb-1967'
 'Jul-1960' 'Aug-1960' 'Nov-1963' 'Dec-1962' 'Sep-1963' 'Sep-1959'
 'Mar-1971' 'Sep-1966' 'Sep-1967' 'Jul-1966' 'Jan-1964' 'Sep-1962'
 'Feb-1966' 'Jan-1956' 'Jan-1958' 'Jan-1959' 'Jul-1959' 'Oct-1958'
 'Jun-1959' 'Dec-1963' 'Jun-1964' 'Oct-1968' 'Nov-1958' 'Nov-1959'
 'Nov-1960' 'Aug-1964' 'Nov-2011' 'Dec-1956' 'Aug-1958' 'Jul-1961'
 'Jan-1944' 'Jul-1962' 'Nov-1956' 'Sep-1957' 'Feb-1961' 'Apr-1955']",61000,0.13523699729526006,48672,12328,0.20209836065573772,-0.2152304448510427,0.006716450833041039,-0.5229573381825805,-3.2
earliest_cr_line,Special,0,0.0,0,0,0.0,0.0,0.0,-0.5229573381825805,0.0
earliest_cr_line,Missing,0,0.0,0,0,0.0,0.0,0.0,-0.5229573381825805,0.0
(Intercept),-,0,0.0,0,0,0.0,0.0,0.0,-1.6520006058997188,534.8
